,Product_name,Product_Description,Product_price,Product_ratings,Image
0,HP Ryzen 3 Dual Core 3250U - (8 GB/256 GB SSD/Windows 11 Home) 15s-GY0501AU Thin and Light Laptop,AMD Ryzen 3 Dual Core Processor8 GB DDR4 RAM64 bit Windows 11 Operating System256 GB SSD39.62 cm (15.6 inch) DisplayOffice Home and Student 2019 included1 Year Onsite Warranty,"??57,990",4.3,https://rukminim1.flixcart.com/image/312/312/ktaeqvk0/computer/b/7/4/15s-gy0501au-thin-and-light-laptop-hp-original-imag6z6muntqnzzc.jpeg?q=70
1,HP Core i5 12th Gen - (8 GB/512 GB SSD/Windows 11 Home) 15s- fq5010TU Thin and Light Laptop,"Intel Core i5 Processor (12th Gen)8 GB DDR4 RAM64 bit Windows 11 Operating System512 GB SSD39.62 cm (15.6 Inch) DisplayHP Documentation, HP SSRM, HP Smart, Microsoft Office Home & Student 20211 Year Onsite Warranty","??57,990",4.2,https://rukminim1.flixcart.com/image/312/312/l4fxh8w0/computer/t/x/a/-original-imagfc54uwzmywgr.jpeg?q=70
2,HP Ryzen 3 Quad Core 5300U - (8 GB/512 GB SSD/Windows 11 Home) 14s-fq1089au Thin and Light Laptop,AMD Ryzen 3 Quad Core Processor8 GB DDR4 RAM64 bit Windows 11 Operating System512 GB SSD35.56 cm (14 Inch) Display1 Year onsite warranty,"??38,990",4.3,https://rukminim1.flixcart.com/image/312/312/xif0q/computer/5/k/i/-original-imaggsh8hmh4jmdz.jpeg?q=70
3,HP Ryzen 3 Dual Core - (8 GB/1 TB HDD/Windows 11 Home) 255 G8 Laptop,AMD Ryzen 3 Dual Core Processor8 GB DDR4 RAMWindows 11 Operating System1 TB HDD39.62 cm (15.6 inch) Display1 YEAR,"??30,290",3.9,https://rukminim1.flixcart.com/image/312/312/l0zm64w0/computer/2/a/h/255-g8-laptop-hp-original-imagcnk9gvmqvhaq.jpeg?q=70
4,HP Ryzen 5 Hexa Core 5500U - (8 GB/512 GB SSD/Windows 11 Home) 14s-fq1092au Thin and Light Laptop,"AMD Ryzen 5 Hexa Core Processor8 GB DDR4 RAM64 bit Windows 11 Operating System512 GB SSD35.56 cm (14 inch) DisplayMicrosoft Office Home & Student 2019, HP Documentation, HP SSRM, HP Smart ""1 Year Onsite Warranty","??49,290",4.3,https://rukminim1.flixcart.com/image/312/312/xif0q/computer/5/k/i/-original-imaggsh8hmh4jmdz.jpeg?q=70
5,HP Core i5 11th Gen - (8 GB/512 GB SSD/Windows 11 Home) 15s-fq4022TU Thin and Light Laptop,Intel Core i5 Processor (11th Gen)8 GB DDR4 RAM64 bit Windows 11 Operating System512 GB SSD39.62 cm (15.6 Inch) Display1 Year Onsite Warranty,"??50,999",4.2,https://rukminim1.flixcart.com/image/312/312/kzrbiq80/computer/v/d/d/15s-fq2626tu-thin-and-light-laptop-hp-original-imagbpb2sztfprgz.jpeg?q=70
6,HP Ryzen 5 Hexa Core 5500U - (16 GB/512 GB SSD/Windows 11 Home) 15s- eq2182AU Thin and Light Laptop,"AMD Ryzen 5 Hexa Core Processor16 GB DDR4 RAM64 bit Windows 11 Operating System512 GB SSD39.62 cm (15.6 Inch) DisplayMicrosoft Office 2021 Home & Student, HP Documentation, HP BIOS recovery, HP Smart1 Year Onsite Warranty","??55,999",4.2,https://rukminim1.flixcart.com/image/312/312/xif0q/computer/5/6/i/-original-imaggshd5zgfe8ev.jpeg?q=70
7,HP Core i3 11th Gen - (8 GB/256 GB SSD/Windows 11 Home) 14s - dy2507TU Thin and Light Laptop,Intel Core i3 Processor (11th Gen)8 GB DDR4 RAM64 bit Windows 11 Operating System256 GB SSD35.56 cm (14 inch) Display1 Year Onsite Warranty,"??38,990",4.3,https://rukminim1.flixcart.com/image/312/312/l5h2xe80/computer/h/i/p/14s-dy5005tu-thin-and-light-laptop-hp-original-imagg4rc7n75zqkp.jpeg?q=70
8,HP Ryzen 3 Dual Core 3250U - (8 GB/256 GB SSD/Windows 11 Home) 15s-ey1508AU Thin and Light Laptop,"AMD Ryzen 3 Dual Core Processor8 GB DDR4 RAM64 bit Windows 11 Operating System256 GB SSD39.62 cm (15.6 mm) DisplayMicrosoft Office 2021 Home and Student, HP Documentation, HP BIOS recovery, HP Smart1 Year Onsite Warranty","??35,990",4.3,https://rukminim1.flixcart.com/image/312/312/xif0q/computer/q/j/c/-original-imagh3wecapg5gqn.jpeg?q=70
9,HP 15s Ryzen 3 Dual Core 3250U - (8 GB/1 TB HDD/256 GB SSD/Windows 10 Home) 15s-GR0012AU Laptop,"AMD Ryzen 3 Dual Core Processor8 GB DDR4 RAM64 bit Windows 10 Operating System1 TB HDD|256 GB SSD39.62 cm (15.6 inch) DisplayMicrosoft Office Home and Student 2019, HP Documentation, HP SSRM, HP Smart, HP Support Assistant1 Year Onsite Warranty","??38,999",4.3,https://rukminim1.flixcart.com/image/312/312/kk2wl8w0/computer/z/u/5/hp-original-imafzgdgcbtxvjka.jpeg?q=70
10,HP Ryzen 5 Hexa Core 5500U - (8 GB/512 GB SSD/Windows 11 Home) 15s- eq2144au Thin and Light Laptop,"AMD Ryzen 5 Hexa Core Processor8 GB DDR4 RAM64 bit Windows 11 Operating System512 GB SSD39.62 cm (15.6 inch) DisplayMicrosoft Office Home 2019 & Office 365, HP Documentation, HP SSRM, HP Smart1 Year Onsite Warranty","??47,490",4.2,https://rukminim1.flixcart.com/image/312/312/xif0q/computer/5/6/i/-original-imaggshd5zgfe8ev.jpeg?q=70
11,HP Athlon Dual Core - (8 GB/512 GB SSD/Windows 11 Home) 15-EQ1559AU Laptop,AMD Athlon Dual Core Processor8 GB DDR4 RAMWindows 11 Operating System512 GB SSD39.62 cm (15.6 inch) Display1 year,"??34,990",4.4,https://rukminim1.flixcart.com/image/312/312/xif0q/computer/h/i/v/hp-15-eq1559au-laptop-hp-original-imaggdsjns2hepbr.jpeg?q=70
12,HP Core i3 11th Gen - (8 GB/512 GB SSD/Windows 11 Home) 15s-FR2508TU Laptop,Intel Core i3 Processor (11th Gen)8 GB DDR4 RAM64 bit Windows 11 Operating System512 GB SSD39.62 cm (15.6 Inch) Display1 Year Onsite Warranty,"??43,490",4.2,https://rukminim1.flixcart.com/image/312/312/l2jcccw0/computer/s/k/0/-original-imagdus5mrsgjepa.jpeg?q=70
13,HP Pavilion x360 Core i3 11th Gen - (8 GB/256 GB SSD/Windows 11 Home) 14-dy0190TU 2 in 1 Laptop,"Intel Core i3 Processor (11th Gen)8 GB DDR4 RAM64 bit Windows 11 Operating System256 GB SSD35.56 cm (14 inch) Touchscreen DisplayMicrosoft Office Home & Student 2019, HP Documentation, HP SSRM, HP Smart1 Year Onsite Warranty","??47,990",4.5,https://rukminim1.flixcart.com/image/312/312/kufuikw0/computer/i/o/s/14-dy0003tu-thin-and-light-laptop-hp-original-imag7k25vgcnds5f.jpeg?q=70
14,HP Core i5 11th Gen - (8 GB/512 GB SSD/Windows 11 Home) 15s-du3517TU Thin and Light Laptop,Intel Core i5 Processor (11th Gen)8 GB DDR4 RAM64 bit Windows 11 Operating System512 GB SSD39.62 cm (15.6 inch) DisplayOffice Home and Student 20191 Year Onsite Warranty,"??52,990",4.1,https://rukminim1.flixcart.com/image/312/312/kyt0ya80/computer/s/z/b/-original-imagayc6ahrmg8y7.jpeg?q=70
15,HP Pavilion Ryzen 5 Hexa Core 5600H - (8 GB/512 GB SSD/Windows 10/4 GB Graphics/NVIDIA GeForce GTX 165...,"AMD Ryzen 5 Hexa Core Processor8 GB DDR4 RAM64 bit Windows 10 Operating System512 GB SSD39.62 cm (15.6 inch) DisplayHP Documentation, HP e-service, HP BIOS Recovery, HP SSRM, HP Smart, HP Jumpstarts1 Year Onsite Warranty","??59,990",4.8,https://rukminim1.flixcart.com/image/312/312/kbqu4cw0/computer/q/x/r/hp-original-imaftyzachgrav8f.jpeg?q=70
16,HP Ryzen 3 Quad Core 5300U - (8 GB/512 GB SSD/Windows 11 Home) 15s-eq2143au Thin and Light Laptop,"AMD Ryzen 3 Quad Core Processor8 GB DDR4 RAM64 bit Windows 11 Operating System512 GB SSD39.62 cm (15.6 inch) DisplayMicrosoft Office 2019 & Office 365, HP Documentation, HP BIOS recovery, HP Smart1 Year Onsite Warranty","??39,490",4.4,https://rukminim1.flixcart.com/image/312/312/xif0q/computer/5/6/i/-original-imaggshd5zgfe8ev.jpeg?q=70
17,HP Pavilion Ryzen 5 Hexa Core 5600H - (8 GB/512 GB SSD/Windows 10 Home/4 GB Graphics/NVIDIA GeForce GT...,"AMD Ryzen 5 Hexa Core Processor8 GB DDR4 RAM64 bit Windows 11 Operating System512 GB SSD39.62 cm (15.6 Inch) DisplayMicrosoft Office Home & Student 2019, HP Documentation, HP e-service, HP BIOS recovery, HP SSRM, HP Smart, HP Jumpstarts1 Year onsite warranty","??61,990",4.5,https://rukminim1.flixcart.com/image/312/312/kulk9zk0/computer/f/t/w/15-ec2075ax-gaming-laptop-hp-original-imag7nyzhxqc7xhh.jpeg?q=70
18,HP Ryzen 3 Hexa Core 4th Gen - (8 GB/512 GB SSD/Windows 10/4 GB Graphics/NVIDIA GeForce GTX 1650) 15-E...,AMD Ryzen 3 Hexa Core Processor (4th Gen)8 GB DDR4 RAMWindows 10 Operating System512 GB SSD39.62 cm (15.6 inch) Display1 Year Onsite Warranty,"??59,890",4.2,https://rukminim1.flixcart.com/image/312/312/ktuewsw0/computer/8/o/x/ryzen-3-gaming-laptop-hp-original-imag73axjf4s7zhg.jpeg?q=70
19,HP Victus Core i5 11th Gen - (8 GB/512 GB SSD/Windows 11 Home/4 GB Graphics/NVIDIA GeForce RTX 3050/14...,Intel Core i5 Processor (11th Gen)8 GB DDR4 RAM64 bit Windows 11 Operating System512 GB SSD40.89 cm (16.1 inch) DisplayMicrosoft Office Home & Student 20191 Year Onsite Warranty,"??67,990",3.8,https://rukminim1.flixcart.com/image/312/312/xif0q/computer/d/h/o/-original-imagggyq3zzqggpz.jpeg?q=70
20,HP Pavilion x360 Core i3 11th Gen - (8 GB/512 GB SSD/Windows 11 Home) 14-dy0186TU 2 in 1 Laptop,Intel Core i3 Processor (11th Gen)8 GB DDR4 RAM64 bit Windows 11 Operating System512 GB SSD35.56 cm (14 inch) DisplayMicrosoft Office Home & Student 20191 Year Onsite Warranty,"??52,990",4.2,https://rukminim1.flixcart.com/image/312/312/ktketu80/computer/r/f/r/14-dy0050tu-thin-and-light-laptop-hp-original-imag6w29bs32mq2j.jpeg?q=70
21,HP Core i5 11th Gen - (8 GB/512 GB SSD/Windows 11 Home) 15s- fq4021TU Thin and Light Laptop,Intel Core i5 Processor (11th Gen)8 GB DDR4 RAM64 bit Windows 11 Operating System512 GB SSD39.62 cm (15.6 Inch) Display1 Year onsite warranty,"??53,490",5,https://rukminim1.flixcart.com/image/312/312/l2jcccw0/computer/s/k/0/-original-imagdus5mrsgjepa.jpeg?q=70
22,HP Notebook PC Core i3 11th Gen - (8 GB/1 TB HDD/Windows 10) G8 240 Thin and Light Laptop,"Intel Core i3 Processor (11th Gen)8 GB DDR4 RAM64 bit Windows 10 Operating System1 TB HDD35.56 cm (14 inch) DisplayHP Support Assistant, NativeMiracastsupport, HP AudioSwitch, HPDocumentation, HP SetupIntegrated OOB, HP SSRM, HP JumpStarts1 Year Onsite Warranty","??34,999",5,https://rukminim1.flixcart.com/image/312/312/kxnl6kw0/computer/q/d/p/g8-240-thin-and-light-laptop-hp-original-imaga2fguqjzyphj.jpeg?q=70
23,HP Core i3 10th Gen - (8 GB/512 GB SSD/Windows 10 Home) 15s-DU1516TU Thin and Light Laptop,"Intel Core i3 Processor (10th Gen)8 GB DDR4 RAM64 bit Windows 10 Operating System512 GB SSD39.62 cm (15.6 inch) DisplayMicrosoft Office Home and Student 2019, HP Documentation, HP BIOS Recovery, HP Smart, HP Support Assistant, Dropbox1 Year Onsite Warranty","??40,350",4.6,https://rukminim1.flixcart.com/image/312/312/kbqu4cw0/computer/t/d/f/hp-original-imaftyzafphshjge.jpeg?q=70
24,HP Pavilion Ryzen 7 Octa Core 5825U - (16 GB/512 GB SSD/Windows 11 Home) 14-EC1008AU Thin and Light La...,AMD Ryzen 7 Octa Core Processor16 GB DDR4 RAM64 bit Windows 11 Operating System512 GB SSD35.56 cm (14 inch) Display1 Year Onsite Warranty,"??70,999",4.4,https://rukminim1.flixcart.com/image/312/312/l2ghgnk0/computer/t/g/j/14-ec1008au-thin-and-light-laptop-hp-original-imagdsx9uqnpahja.jpeg?q=70
25,HP Core i5 12th Gen - (8 GB/512 GB SSD/Windows 11 Home) 15s-fy5001TU Thin and Light Laptop,Intel Core i5 Processor (12th Gen)8 GB DDR4 RAM64 bit Windows 11 Operating System512 GB SSD39.62 cm (15.6 inch) Display1 Year Onsite Warranty,"??58,990",4.2,https://rukminim1.flixcart.com/image/312/312/l45xea80/computer/e/x/b/-original-imagf4ghfjtdpb3z.jpeg?q=70
26,HP Pavilion Ryzen 5 Hexa Core 5500U - (8 GB/512 GB SSD/Windows 10 Home) 14-ec0035AU Thin and Light Lap...,"AMD Ryzen 5 Hexa Core Processor8 GB DDR4 RAM64 bit Windows 10 Operating System512 GB SSD35.56 cm (14 inch) DisplayMicrosoft Office Home & Student 2019, HP Documentation, Dropbox, AlexaHP Support Assistant1 Year Onsite Warranty","??55,600",4.4,https://rukminim1.flixcart.com/image/312/312/ksru0sw0/computer/m/4/g/na-thin-and-light-laptop-hp-original-imag69rnjkctnzhy.jpeg?q=70
27,HP Pavilion x360 Core i3 11th Gen - (8 GB/256 GB SSD/Windows 11 Home) 14-dy0212TU 2 in 1 Laptop,"Intel Core i3 Processor (11th Gen)8 GB DDR4 RAM64 bit Windows 11 Operating System256 GB SSD35.56 cm (14 inch) Touchscreen DisplayMicrosoft Office Home and Student 2021, HP Documentation, HP SSRM, HP Smart1 Year Onsite Warranty","??49,990",4.5,https://rukminim1.flixcart.com/image/312/312/ktketu80/computer/r/f/r/14-dy0050tu-thin-and-light-laptop-hp-original-imag6w29bs32mq2j.jpeg?q=70
28,HP Ryzen 7 Octa Core 5700U - (8 GB/512 GB SSD/Windows 10 Home) 14s-fq1083AU Thin and Light Laptop,AMD Ryzen 7 Octa Core Processor8 GB DDR4 RAM64 bit Windows 10 Operating System512 GB SSD35.56 cm (14 inch) DisplayMicrosoft Office Home & Student 20191 Year Onsite Warranty,"??57,990",4.1,https://rukminim1.flixcart.com/image/312/312/knni7ww0/computer/b/w/p/14s-fr0012au-thin-and-light-laptop-hp-original-imag2ad5ppxmujd6.jpeg?q=70
29,HP Pavilion Ryzen 5 Hexa Core 5500U - (8 GB/512 GB SSD/Windows 10 Home) 15-eh1101AU Thin and Light Lap...,AMD Ryzen 5 Hexa Core Processor8 GB DDR4 RAM64 bit Windows 10 Operating System512 GB SSD39.62 cm (15.6 Inch) DisplayMicrosoft Office Home & Student 20191 Year Onsite Warranty,"??54,999",4.2,https://rukminim1.flixcart.com/image/312/312/ksru0sw0/computer/d/p/w/15-eh1101au-thin-and-light-laptop-hp-original-imag69prbzxur5qq.jpeg?q=70
30,HP Pentium Quad Core - (8 GB/256 GB SSD/Windows 11 Home) 14s-dq3033tu Thin and Light Laptop,"Intel Pentium Quad Core Processor8 GB DDR4 RAM64 bit Windows 11 Operating System256 GB SSD35.56 cm (14 inch) DisplayMicrosoft Office Home & Student 2019, HP Documentation1 Year Onsite Warranty","??31,990",4.3,https://rukminim1.flixcart.com/image/312/312/kzrbiq80/computer/i/e/g/14s-dq3033tu-thin-and-light-laptop-hp-original-imagbpb2uunyvvhc.jpeg?q=70
31,HP 250 G8 Core i3 11th Gen - (8 GB/512 GB SSD/DOS) 250 G8 Notebook,Intel Core i3 Processor (11th Gen)8 GB DDR4 RAMDOS Operating System512 GB SSD39.62 cm (15.6 inch) Display1 Year,"??35,490",3.9,https://rukminim1.flixcart.com/image/312/312/xif0q/computer/m/t/e/hp-250-g8-notebook-hp-original-imaggy7xh7jnch35.jpeg?q=70
32,HP 247 G8 Ryzen 3 Quad Core - (8 GB/512 GB SSD/DOS) 6B5R3PA#ACJ Notebook,AMD Ryzen 3 Quad Core Processor8 GB DDR4 RAMDOS Operating System512 GB SSD35.56 cm (14 inch) Display1Year,"??29,490",3.7,https://rukminim1.flixcart.com/image/312/312/xif0q/computer/i/h/n/hp-247-g8-notebook-pc-notebook-hp-original-imaggvxykhbfgunc.jpeg?q=70
33,HP Core i3 11th Gen - (8 GB/512 GB SSD/Windows 11 Home) 15s- fq2673AU Thin and Light Laptop,Intel Core i3 Processor (11th Gen)8 GB DDR4 RAM64 bit Windows 11 Operating System512 GB SSD39.62 cm (15.6 Inch) Display1 Year Onsite Warranty,"??44,499",4.3,https://rukminim1.flixcart.com/image/312/312/l5fnhjk0/computer/c/p/c/14s-fy1005au-thin-and-light-laptop-hp-original-imagg4dgtu77mzye.jpeg?q=70
34,HP Pavilion Core i5 11th Gen - (8 GB/512 GB SSD/Windows 11 Home) 14-dv1000TU Thin and Light Laptop,"Intel Core i5 Processor (11th Gen)8 GB DDR4 RAM64 bit Windows 11 Operating System512 GB SSD35.56 cm (14 inch) DisplayMicrosoft Office Home & Student 2019, HP Documentation, HP BIOS recovery, HP Smart1 Year onsite Warranty","??61,700",4.4,https://rukminim1.flixcart.com/image/312/312/kyvvtzk0/computer/2/7/l/-original-imagbygbzq27x6sy.jpeg?q=70
35,HP Pavilion Gaming Core i5 11th Gen - (8 GB/1 TB HDD/256 GB SSD/Windows 10 Home/4 GB Graphics/NVIDIA G...,"Intel Core i5 Processor (11th Gen)8 GB DDR4 RAM64 bit Windows 10 Operating System1 TB HDD|256 GB SSD39.62 cm (15.6 inches) DisplayMicrosoft Office Home & Student 2019, HP Documentation, HP e-service, HP BIOS recovery, HP SSRM, HP Smart, HP Jumpstarts1 Year Onsite Warranty","??68,490",4,https://rukminim1.flixcart.com/image/312/312/krjjde80/computer/b/q/h/na-gaming-laptop-hp-original-imag5bg5uwgmhmqj.jpeg?q=70
36,HP Celeron Dual Core - (8 GB/256 GB SSD/Windows 11 Home) 14s- dq3032tu Thin and Light Laptop,Intel Celeron Dual Core Processor8 GB DDR4 RAM64 bit Windows 11 Operating System256 GB SSD35.56 cm (14 Inch) Display1 Year onsite warranty,"??30,990",4.3,https://rukminim1.flixcart.com/image/312/312/kyrlifk0/computer/i/5/f/14s-dq3032tu-thin-and-light-laptop-hp-original-imagaxgehrzh4jmw.jpeg?q=70
37,HP Pavilion x360 Convertible Core i3 11th Gen - (8 GB/512 GB SSD/Windows 11 Home) 14-dy0207TU Thin and...,"Intel Core i3 Processor (11th Gen)8 GB DDR4 RAM64 bit Windows 11 Operating System512 GB SSD35.56 cm (14 inch) Touchscreen Display""Microsoft Office Home & Student 2019, HP Documentation, HP SSRM, HP Smart ""1 Year Onsite Warranty","??54,290",4.3,https://rukminim1.flixcart.com/image/312/312/l12h1u80/computer/2/s/q/14-dy1048tu-thin-and-light-laptop-hp-original-imagcpuvfpshgd7q.jpeg?q=70
38,HP Core i3 11th Gen - (8 GB/512 GB SSD/Windows 10 Home) 15s-FR2006TU Thin and Light Laptop,"Intel Core i3 Processor (11th Gen)8 GB DDR4 RAM64 bit Windows 10 Operating System512 GB SSD39.62 cm (15.6 inch) DisplayMicrosoft Office Home & Student 2019, HP Documentation, HP BIOS Recovery1 Year Domestic Brand Warranty on Device","??44,450",4.3,https://rukminim1.flixcart.com/image/312/312/kdoup3k0/computer/e/v/p/hp-original-imafujjhdwjjh9j8.jpeg?q=70
39,HP Pavilion Core i5 10th Gen - (8 GB/512 GB SSD/Windows 11 Home/4 GB Graphics) 15-DK1520TX Laptop,Intel Core i5 Processor (10th Gen)8 GB DDR4 RAM64 bit Windows 11 Operating System512 GB SSD39.62 cm (15.6 inch) DisplayMicrosoft Office Home & Student 20191 Year Onsite Warranty,"??61,090",4.2,https://rukminim1.flixcart.com/image/312/312/krjjde80/computer/b/q/h/na-gaming-laptop-hp-original-imag5bg5uwgmhmqj.jpeg?q=70
40,HP Core i3 11th Gen - (8 GB/512 GB SSD/DOS) 240 G8 Notebook,Intel Core i3 Processor (11th Gen)8 GB DDR4 RAMDOS Operating System512 GB SSD35.56 cm (14 inch) Display1 YEAR BY HP,"??35,490",5,https://rukminim1.flixcart.com/image/312/312/l1pc3gw0/computer/u/x/c/hp-240-notebook-hp-original-imagd7bzvn4e2mhx.jpeg?q=70
41,HP HP Pavilion Ryzen 5 Hexa Core 4600H - (8 GB/512 GB SSD/Windows 10 Home/4 GB Graphics/NVIDIA GeForce...,"AMD Ryzen 5 Hexa Core Processor8 GB DDR4 RAM64 bit Windows 10 Operating System512 GB SSD39.62 cm (15.6 inch) DisplayHP Documentation, HP e-service, HP BIOS Recovery, HP SSRM, HP Smart, HP Jumpstarts1 Year Onsite Warranty","??59,900",2,https://rukminim1.flixcart.com/image/312/312/ku2zjww0/computer/r/f/d/na-gaming-laptop-hp-original-imag7a7fgvrae7uu.jpeg?q=70
42,HP Pavilion Ryzen 5 Hexa Core 5625U - (16 GB/512 GB SSD/Windows 11 Home) 15-eh2024AU Thin and Light La...,AMD Ryzen 5 Hexa Core Processor16 GB DDR4 RAM64 bit Windows 11 Operating System512 GB SSD39.62 cm (15.6 Inch) Display1 Year Onsite Warranty,"??60,990",4.3,https://rukminim1.flixcart.com/image/312/312/l111lzk0/computer/x/n/s/15-eh2024au-thin-and-light-laptop-hp-original-imagcztggrjh7zb2.jpeg?q=70
43,HP Core i5 12th Gen - (8 GB/512 GB SSD/Windows 11 Home) 15s-FQ5009TU Notebook,Intel Core i5 Processor (12th Gen)8 GB DDR4 RAMWindows 11 Operating System512 GB SSD39.62 cm (15.6 inch) Display1 year (1/1/1) limited warranty includes 1 year of parts and labor. On-site repair. Terms and conditions vary by country. Certain restrictions and exclusions apply.,"??56,490",5,https://rukminim1.flixcart.com/image/312/312/l367dzk0/computer/r/v/p/hp-15s-notebook-hp-original-imagecpfyfatcvaf.jpeg?q=70
44,HP Core i3 11th Gen - (8 GB/512 GB SSD/Windows 11 Home) 15s-fq2629TU Thin and Light Laptop,"Intel Core i3 Processor (11th Gen)8 GB DDR4 RAM64 bit Windows 11 Operating System512 GB SSD39.62 cm (15.6 inch) Display""Microsoft Office Home & Student 2019, HP Documentation, HP SSRM, HP Smart ""1 Year Onsite Warranty","??42,990",5,https://rukminim1.flixcart.com/image/312/312/l2jcccw0/computer/s/k/0/-original-imagdus5mrsgjepa.jpeg?q=70
45,HP Pavilion Core i5 11th Gen - (8 GB/512 GB SSD/Windows 10 Home) 15-eg0547TU Thin and Light Laptop,"Intel Core i5 Processor (11th Gen)8 GB DDR4 RAM64 bit Windows 10 Operating System512 GB SSD39.62 cm (15.6 inch) DisplayMicrosoft Office Home and Student 2019, HP Documentation, HP Support Assistant, Dropbox, Alexa1 Year Onsite Warranty","??63,990",4.5,https://rukminim1.flixcart.com/image/312/312/ku2zjww0/computer/h/a/m/na-thin-and-light-laptop-hp-original-imag7a5utqtszsba.jpeg?q=70
46,HP Ryzen 3 Dual Core 3250U - (8 GB/512 GB SSD/Windows 11 Home) 15s- eq1560AU Thin and Light Laptop,AMD Ryzen 3 Dual Core Processor8 GB DDR4 RAM64 bit Windows 11 Operating System512 GB SSD39.62 cm (15.6 inch) Display1 Year Onsite Warranty,"??37,490",4,https://rukminim1.flixcart.com/image/312/312/xif0q/computer/7/d/j/15s-eq1560au-thin-and-light-laptop-hp-original-imaggsgk3gpr6jpp.jpeg?q=70
47,HP G8 Core i3 11th Gen - (8 GB/512 GB SSD/Windows 11 Home) 250 G8 Notebook,Intel Core i3 Processor (11th Gen)8 GB DDR4 RAMWindows 11 Operating System512 GB SSD39.62 cm (15.6 inch) Display1 Year,"??38,690",4.3,https://rukminim1.flixcart.com/image/312/312/xif0q/computer/m/t/e/hp-250-g8-notebook-hp-original-imaggy7xh7jnch35.jpeg?q=70
48,HP Pavilion Core i5 12th Gen - (16 GB/512 GB SSD/Windows 11 Home/2 GB Graphics) 15-EG2019TX Thin and L...,Intel Core i5 Processor (12th Gen)16 GB DDR4 RAM64 bit Windows 11 Operating System512 GB SSD39.62 cm (15.6 Inch) Display1 Year Onsite Warranty,"??75,200",4.2,https://rukminim1.flixcart.com/image/312/312/l2hwwi80/computer/9/5/2/eg2036tu-thin-and-light-laptop-hp-original-imagduyqdgd5gtas.jpeg?q=70
49,HP Ryzen 3 Quad Core 5300U - (8 GB/256 GB SSD/Windows 11 Home) 15s- ey2000au Thin and Light Laptop,AMD Ryzen 3 Quad Core Processor8 GB DDR4 RAM64 bit Windows 11 Operating System256 GB SSD39.62 cm (15.6 inch) DisplayMicrosoft Office 2019 & Office 3651 Year Onsite Warranty,"??47,873",4.4,https://rukminim1.flixcart.com/image/312/312/xif0q/computer/5/6/i/-original-imaggshd5zgfe8ev.jpeg?q=70
50,HP Core i5 11th Gen - (8 GB/512 GB SSD/Windows 11 Home/2 GB Graphics) 15s-du3519TX Thin and Light Lapt...,Intel Core i5 Processor (11th Gen)8 GB DDR4 RAM64 bit Windows 11 Operating System512 GB SSD39.62 cm (15.6 Inch) Display1 Year Onsite Warranty,"??62,900",5,https://rukminim1.flixcart.com/image/312/312/l29c9e80/computer/5/1/r/15s-du3519tx-thin-and-light-laptop-hp-original-imagdn9fhmgsp9gh.jpeg?q=70
51,HP Core i3 11th Gen - (8 GB/512 GB SSD/Windows 11 Home) 15s-du3564TU Thin and Light Laptop,Intel Core i3 Processor (11th Gen)8 GB DDR4 RAM64 bit Windows 11 Operating System512 GB SSD39.62 cm (15.6 inch) DisplayMicrosoft Office Home & Student 20191 Year Onsite Warranty,"??42,999",4.3,https://rukminim1.flixcart.com/image/312/312/kyt0ya80/computer/s/z/b/-original-imagayc6ahrmg8y7.jpeg?q=70
52,HP Pavilion Gaming Ryzen 5 Hexa Core 5600H - (8 GB/512 GB SSD/Windows 11 Home/4 GB Graphics/NVIDIA GeF...,"AMD Ryzen 5 Hexa Core Processor8 GB DDR4 RAM64 bit Windows 11 Operating System512 GB SSD39.62 cm (15.6 inch) Display""HP Documentation, HP e-service, HP BIOS recovery, HP SSRM, HP Jumpstart, Microsoft Office Home & Student 2019 ""1 Year Onsite Warranty","??62,700",3.9,https://rukminim1.flixcart.com/image/312/312/krjjde80/computer/b/q/h/na-gaming-laptop-hp-original-imag5bg5uwgmhmqj.jpeg?q=70
53,HP 15s Ryzen 5 Hexa Core 4500U - (8 GB/256 GB SSD/Windows 10 Home) 15s-ey1004AU Thin and Light Laptop,"AMD Ryzen 5 Hexa Core Processor8 GB DDR4 RAM64 bit Windows 10 Operating System256 GB SSD39.62 cm (15.6 inch) DisplayMicrosoft Office 2019 and Office 365, HP Smart, HP Documentation, HP Bios Recovery1 Year Onsite Warranty","??45,990",3.8,https://rukminim1.flixcart.com/image/312/312/k7531jk0/computer/e/a/h/hp-original-imafpfs893zu5mhb.jpeg?q=70
54,HP OMEN Ryzen 7 Octa Core 5800H - (16 GB/1 TB SSD/Windows 11 Home/AMD Radeon RX 6600M) 16-C0140AX Gami...,"AMD Ryzen 7 Octa Core Processor16 GB DDR4 RAM64 bit Windows 11 Operating System1 TB SSD40.89 cm (16.1 inch) DisplayMicrosoft Office Home & Student 2019, HP Documentation, HP e-service, HP BIOS recovery, HP SSRM, HP Smart, HP Jumpstarts1 Year Onsite Warranty","??1,12,990",4.3,https://rukminim1.flixcart.com/image/312/312/kzn17680/computer/1/i/z/-original-imagbhzqahdzyx4e.jpeg?q=70
55,HP OMEN Core i7 11th Gen - (16 GB/1 TB SSD/Windows 11 Home/4 GB Graphics/NVIDIA GeForce RTX RTX 3050Ti...,Intel Core i7 Processor (11th Gen)16 GB DDR4 RAM64 bit Windows 11 Operating System1 TB SSD40.89 cm (16.1 Inch) Display1 Year Onsite Warranty,"??1,18,000",4.5,https://rukminim1.flixcart.com/image/312/312/kzn17680/computer/1/i/z/-original-imagbhzqahdzyx4e.jpeg?q=70
56,HP Pavilion Ryzen 7 Octa Core 5800U - (16 GB/1 TB SSD/Windows 11 Home) 13-BE0208AU Thin and Light Lapt...,"AMD Ryzen 7 Octa Core Processor16 GB DDR4 RAM64 bit Windows 11 Operating System1 TB SSD33.78 cm (13.3 Inch) DisplayMicrosoft Office Home & Student 2019, HP Documentation, HP BIOS recovery, HP Smart1 Year onsite Warranty","??74,990",4.7,https://rukminim1.flixcart.com/image/312/312/krjjde80/computer/w/j/x/na-thin-and-light-laptop-hp-original-imag5bg7ngmzfkqu.jpeg?q=70
57,HP 15 APU Dual Core E2 E2-9000e - (4 GB/1 TB HDD/DOS) 15-BW098AU Laptop,AMD APU Dual Core E2 Processor4 GB DDR4 RAMDOS Operating System1 TB HDD39.62 cm (15.6 inch) Display1 Year Onsite Warranty,"??22,992",4.2,https://rukminim1.flixcart.com/image/312/312/j76i3rk0/computer/8/p/g/hp-laptop-original-imaexhfam9ydagzj.jpeg?q=70
58,HP Core i3 11th Gen - (8 GB/1 TB HDD/Windows 10 Home) 15s-du3055TU Thin and Light Laptop,"Intel Core i3 Processor (11th Gen)8 GB DDR4 RAM64 bit Windows 10 Operating System1 TB HDD39.62 cm (15.6 Inch) DisplayMicrosoft Office Home & Student 2019, HP Documentation, HP BIOS recovery, HP Smart1 Year onsite Warranty","??40,490",4,https://rukminim1.flixcart.com/image/312/312/kw2fki80/computer/o/z/d/-original-imag8tthazucuzac.jpeg?q=70
59,HP Core i3 11th Gen - (8 GB/1 TB HDD/Windows 11 Home) 250 G8 Laptop,Intel Core i3 Processor (11th Gen)8 GB DDR4 RAMWindows 11 Operating System1 TB HDD39.62 cm (15.6 inch) Display1 YEAR,"??39,200",4.3,https://rukminim1.flixcart.com/image/312/312/l0zm64w0/computer/2/a/h/255-g8-laptop-hp-original-imagcnk9gvmqvhaq.jpeg?q=70
60,HP 15-ec1105AX Ryzen 5 Hexa Core 4600H - (8 GB/512 GB SSD/Windows 10 Home/4 GB Graphics/NVIDIA GeForce...,"AMD Ryzen 5 Hexa Core Processor8 GB DDR4 RAM64 bit Windows 10 Operating System512 GB SSD39.62 cm (15.6 inch) DisplayHP Documentation, HP e-service, HP BIOS Recovery, HP SSRM, HP Smart, HP Jumpstarts, HP Support Assistant1 Year Onsite Warranty","??59,890",4.6,https://rukminim1.flixcart.com/image/312/312/kq8dua80/computer/s/2/v/na-gaming-laptop-hp-original-imag4agxntky6zuv.jpeg?q=70
61,HP 245 G8 Ryzen 3 Quad Core - (8 GB/1 TB HDD/Windows 10 Pro) 245 G8 Notebook,AMD Ryzen 3 Quad Core Processor8 GB DDR4 RAMWindows 10 Operating System1 TB HDD35.56 cm (14 inch) Display1 Year,"??36,490",3.8,https://rukminim1.flixcart.com/image/312/312/xif0q/computer/f/b/x/hp-245-g8-notebook-hp-original-imaggy5d2czprqy9.jpeg?q=70
62,HP HP Envy Core i7 11th Gen - (16 GB/1 TB SSD/Windows 10 Home/4 GB Graphics) 14-eb0021TX Thin and Ligh...,"Intel Core i7 Processor (11th Gen)16 GB DDR4 RAM64 bit Windows 10 Operating System1 TB SSD35.56 cm (14 inch) DisplayMicrosoft Office 2019 Home & Student, HP Documentation, HP e-service, HP BIOS recovery, HP SSRM, HP Jumpstart ""1 Year Onsite Warranty","??99,999",4,https://rukminim1.flixcart.com/image/312/312/ksdjma80/computer/r/7/r/14-eb0021tx-thin-and-light-laptop-hp-original-imag5yhncuezamfh.jpeg?q=70
63,HP Core i7 12th Gen - (16 GB/1 TB SSD/Windows 11 Home) 14-DV2015TU Laptop,Intel Core i7 Processor (12th Gen)16 GB DDR4 RAMWindows 11 Operating System1 TB SSD35.56 cm (14 inch) Display1 YEAR,"??87,990",5,https://rukminim1.flixcart.com/image/312/312/l4ssfww0/computer/t/a/s/14-dv2015tu-laptop-hp-original-imagfmagnzqxggak.jpeg?q=70
64,HP Pavilion Core i5 12th Gen - (16 GB/512 GB SSD/Windows 11 Home) EG2036TU Thin and Light Laptop,Intel Core i5 Processor (12th Gen)16 GB DDR4 RAM64 bit Windows 11 Operating System512 GB SSD39.62 cm (15.6 inch) DisplayMicrosoft Office Home & Student 20211 Year Onsite Warranty,"??72,490",4.6,https://rukminim1.flixcart.com/image/312/312/l2hwwi80/computer/9/5/2/eg2036tu-thin-and-light-laptop-hp-original-imagduyqdgd5gtas.jpeg?q=70
65,HP Core i5 11th Gen - (8 GB/1 TB HDD/Windows 10 Pro) 240 G8 Laptop,Intel Core i5 Processor (11th Gen)8 GB DDR4 RAMWindows 10 Operating System1 TB HDD35.56 cm (14 inch) Display1 YEAR,"??55,490",5,https://rukminim1.flixcart.com/image/312/312/ky4qgsw0/computer/j/f/5/240-g8-laptop-hp-original-imagaffva46zgucg.jpeg?q=70
66,HP Pavilion Core i5 12th Gen - (16 GB/512 GB SSD/Windows 11 Home) 14-dv2014TU Thin and Light Laptop,"Intel Core i5 Processor (12th Gen)16 GB DDR4 RAM64 bit Windows 11 Operating System512 GB SSD35.56 cm (14 inch) DisplayMicrosoft Office Home & Student 2021, HP Documentation, HP BIOS recovery, HP Smart1 Year Onsite Warranty","??68,980",5,https://rukminim1.flixcart.com/image/312/312/l4fxh8w0/computer/s/i/s/-original-imagfc54nty5wgeh.jpeg?q=70
67,HP Core i3 11th Gen - (8 GB/512 GB SSD/Windows 10 Home) 15s-FR2006TU Thin and Light Laptop,"Intel Core i3 Processor (11th Gen)8 GB DDR4 RAM64 bit Windows 10 Operating System512 GB SSD39.62 cm (15.6 inch) DisplayMicrosoft Office Home & Student 2019, HP Documentation, HP BIOS Recovery1 Year Domestic Brand Warranty on Device","??41,000",4.2,https://rukminim1.flixcart.com/image/312/312/kdoup3k0/computer/e/v/p/hp-original-imafujjhdwjjh9j8.jpeg?q=70
68,HP 250 G8 53L46PA Core i3 10th Gen - (4 GB/1 TB SSD/Windows 10 Home) 53L46PA Laptop,Intel Core i3 Processor (10th Gen)4 GB DDR4 RAMWindows 10 Operating System1 TB SSD40.0 cm (15.748 inch) Display30-day McAfee?? LiveSafe?? trial included. Internet access required and not included. Subscription required after expiration. See WWW.McAfee.com for more detail1 YEAR WARRANTY,"??37,990",5,https://rukminim1.flixcart.com/image/312/312/kxaq7ww0/computer/7/r/f/hp-250-g8-notebook-pc-laptop-hp-original-imag9s2agwzzznau.jpeg?q=70
