,id,url,repository_url,labels_url,user
0,1342631634,https://api.github.com/repos/pandas-dev/pandas/issues/48135,https://api.github.com/repos/pandas-dev/pandas,https://api.github.com/repos/pandas-dev/pandas/issues/48135/labels{/name},"{'login': 'nanqiangyipo', 'id': 10378235, 'node_id': 'MDQ6VXNlcjEwMzc4MjM1', 'avatar_url': 'https://avatars.githubusercontent.com/u/10378235?v=4', 'gravatar_id': '', 'url': 'https://api.github.com/users/nanqiangyipo', 'html_url': 'https://github.com/nanqiangyipo', 'followers_url': 'https://api.github.com/users/nanqiangyipo/followers', 'following_url': 'https://api.github.com/users/nanqiangyipo/following{/other_user}', 'gists_url': 'https://api.github.com/users/nanqiangyipo/gists{/gist_id}', 'starred_url': 'https://api.github.com/users/nanqiangyipo/starred{/owner}{/repo}', 'subscriptions_url': 'https://api.github.com/users/nanqiangyipo/subscriptions', 'organizations_url': 'https://api.github.com/users/nanqiangyipo/orgs', 'repos_url': 'https://api.github.com/users/nanqiangyipo/repos', 'events_url': 'https://api.github.com/users/nanqiangyipo/events{/privacy}', 'received_events_url': 'https://api.github.com/users/nanqiangyipo/received_events', 'type': 'User', 'site_admin': False}"
1,1342493973,https://api.github.com/repos/pandas-dev/pandas/issues/48134,https://api.github.com/repos/pandas-dev/pandas,https://api.github.com/repos/pandas-dev/pandas/issues/48134/labels{/name},"{'login': 'Mehgarg', 'id': 65103188, 'node_id': 'MDQ6VXNlcjY1MTAzMTg4', 'avatar_url': 'https://avatars.githubusercontent.com/u/65103188?v=4', 'gravatar_id': '', 'url': 'https://api.github.com/users/Mehgarg', 'html_url': 'https://github.com/Mehgarg', 'followers_url': 'https://api.github.com/users/Mehgarg/followers', 'following_url': 'https://api.github.com/users/Mehgarg/following{/other_user}', 'gists_url': 'https://api.github.com/users/Mehgarg/gists{/gist_id}', 'starred_url': 'https://api.github.com/users/Mehgarg/starred{/owner}{/repo}', 'subscriptions_url': 'https://api.github.com/users/Mehgarg/subscriptions', 'organizations_url': 'https://api.github.com/users/Mehgarg/orgs', 'repos_url': 'https://api.github.com/users/Mehgarg/repos', 'events_url': 'https://api.github.com/users/Mehgarg/events{/privacy}', 'received_events_url': 'https://api.github.com/users/Mehgarg/received_events', 'type': 'User', 'site_admin': False}"
2,1342274828,https://api.github.com/repos/pandas-dev/pandas/issues/48133,https://api.github.com/repos/pandas-dev/pandas,https://api.github.com/repos/pandas-dev/pandas/issues/48133/labels{/name},"{'login': 'Moisan', 'id': 31669, 'node_id': 'MDQ6VXNlcjMxNjY5', 'avatar_url': 'https://avatars.githubusercontent.com/u/31669?v=4', 'gravatar_id': '', 'url': 'https://api.github.com/users/Moisan', 'html_url': 'https://github.com/Moisan', 'followers_url': 'https://api.github.com/users/Moisan/followers', 'following_url': 'https://api.github.com/users/Moisan/following{/other_user}', 'gists_url': 'https://api.github.com/users/Moisan/gists{/gist_id}', 'starred_url': 'https://api.github.com/users/Moisan/starred{/owner}{/repo}', 'subscriptions_url': 'https://api.github.com/users/Moisan/subscriptions', 'organizations_url': 'https://api.github.com/users/Moisan/orgs', 'repos_url': 'https://api.github.com/users/Moisan/repos', 'events_url': 'https://api.github.com/users/Moisan/events{/privacy}', 'received_events_url': 'https://api.github.com/users/Moisan/received_events', 'type': 'User', 'site_admin': False}"
3,1342244128,https://api.github.com/repos/pandas-dev/pandas/issues/48131,https://api.github.com/repos/pandas-dev/pandas,https://api.github.com/repos/pandas-dev/pandas/issues/48131/labels{/name},"{'login': 'jbrockmendel', 'id': 8078968, 'node_id': 'MDQ6VXNlcjgwNzg5Njg=', 'avatar_url': 'https://avatars.githubusercontent.com/u/8078968?v=4', 'gravatar_id': '', 'url': 'https://api.github.com/users/jbrockmendel', 'html_url': 'https://github.com/jbrockmendel', 'followers_url': 'https://api.github.com/users/jbrockmendel/followers', 'following_url': 'https://api.github.com/users/jbrockmendel/following{/other_user}', 'gists_url': 'https://api.github.com/users/jbrockmendel/gists{/gist_id}', 'starred_url': 'https://api.github.com/users/jbrockmendel/starred{/owner}{/repo}', 'subscriptions_url': 'https://api.github.com/users/jbrockmendel/subscriptions', 'organizations_url': 'https://api.github.com/users/jbrockmendel/orgs', 'repos_url': 'https://api.github.com/users/jbrockmendel/repos', 'events_url': 'https://api.github.com/users/jbrockmendel/events{/privacy}', 'received_events_url': 'https://api.github.com/users/jbrockmendel/received_events', 'type': 'User', 'site_admin': False}"
4,1342227518,https://api.github.com/repos/pandas-dev/pandas/issues/48130,https://api.github.com/repos/pandas-dev/pandas,https://api.github.com/repos/pandas-dev/pandas/issues/48130/labels{/name},"{'login': 'jbrockmendel', 'id': 8078968, 'node_id': 'MDQ6VXNlcjgwNzg5Njg=', 'avatar_url': 'https://avatars.githubusercontent.com/u/8078968?v=4', 'gravatar_id': '', 'url': 'https://api.github.com/users/jbrockmendel', 'html_url': 'https://github.com/jbrockmendel', 'followers_url': 'https://api.github.com/users/jbrockmendel/followers', 'following_url': 'https://api.github.com/users/jbrockmendel/following{/other_user}', 'gists_url': 'https://api.github.com/users/jbrockmendel/gists{/gist_id}', 'starred_url': 'https://api.github.com/users/jbrockmendel/starred{/owner}{/repo}', 'subscriptions_url': 'https://api.github.com/users/jbrockmendel/subscriptions', 'organizations_url': 'https://api.github.com/users/jbrockmendel/orgs', 'repos_url': 'https://api.github.com/users/jbrockmendel/repos', 'events_url': 'https://api.github.com/users/jbrockmendel/events{/privacy}', 'received_events_url': 'https://api.github.com/users/jbrockmendel/received_events', 'type': 'User', 'site_admin': False}"
5,1342080791,https://api.github.com/repos/pandas-dev/pandas/issues/48129,https://api.github.com/repos/pandas-dev/pandas,https://api.github.com/repos/pandas-dev/pandas/issues/48129/labels{/name},"{'login': 'srotondo', 'id': 97266896, 'node_id': 'U_kgDOBcws0A', 'avatar_url': 'https://avatars.githubusercontent.com/u/97266896?v=4', 'gravatar_id': '', 'url': 'https://api.github.com/users/srotondo', 'html_url': 'https://github.com/srotondo', 'followers_url': 'https://api.github.com/users/srotondo/followers', 'following_url': 'https://api.github.com/users/srotondo/following{/other_user}', 'gists_url': 'https://api.github.com/users/srotondo/gists{/gist_id}', 'starred_url': 'https://api.github.com/users/srotondo/starred{/owner}{/repo}', 'subscriptions_url': 'https://api.github.com/users/srotondo/subscriptions', 'organizations_url': 'https://api.github.com/users/srotondo/orgs', 'repos_url': 'https://api.github.com/users/srotondo/repos', 'events_url': 'https://api.github.com/users/srotondo/events{/privacy}', 'received_events_url': 'https://api.github.com/users/srotondo/received_events', 'type': 'User', 'site_admin': False}"
6,1342045563,https://api.github.com/repos/pandas-dev/pandas/issues/48126,https://api.github.com/repos/pandas-dev/pandas,https://api.github.com/repos/pandas-dev/pandas/issues/48126/labels{/name},"{'login': 'jbrockmendel', 'id': 8078968, 'node_id': 'MDQ6VXNlcjgwNzg5Njg=', 'avatar_url': 'https://avatars.githubusercontent.com/u/8078968?v=4', 'gravatar_id': '', 'url': 'https://api.github.com/users/jbrockmendel', 'html_url': 'https://github.com/jbrockmendel', 'followers_url': 'https://api.github.com/users/jbrockmendel/followers', 'following_url': 'https://api.github.com/users/jbrockmendel/following{/other_user}', 'gists_url': 'https://api.github.com/users/jbrockmendel/gists{/gist_id}', 'starred_url': 'https://api.github.com/users/jbrockmendel/starred{/owner}{/repo}', 'subscriptions_url': 'https://api.github.com/users/jbrockmendel/subscriptions', 'organizations_url': 'https://api.github.com/users/jbrockmendel/orgs', 'repos_url': 'https://api.github.com/users/jbrockmendel/repos', 'events_url': 'https://api.github.com/users/jbrockmendel/events{/privacy}', 'received_events_url': 'https://api.github.com/users/jbrockmendel/received_events', 'type': 'User', 'site_admin': False}"
7,1341965970,https://api.github.com/repos/pandas-dev/pandas/issues/48125,https://api.github.com/repos/pandas-dev/pandas,https://api.github.com/repos/pandas-dev/pandas/issues/48125/labels{/name},"{'login': 'tnwei', 'id': 12769364, 'node_id': 'MDQ6VXNlcjEyNzY5MzY0', 'avatar_url': 'https://avatars.githubusercontent.com/u/12769364?v=4', 'gravatar_id': '', 'url': 'https://api.github.com/users/tnwei', 'html_url': 'https://github.com/tnwei', 'followers_url': 'https://api.github.com/users/tnwei/followers', 'following_url': 'https://api.github.com/users/tnwei/following{/other_user}', 'gists_url': 'https://api.github.com/users/tnwei/gists{/gist_id}', 'starred_url': 'https://api.github.com/users/tnwei/starred{/owner}{/repo}', 'subscriptions_url': 'https://api.github.com/users/tnwei/subscriptions', 'organizations_url': 'https://api.github.com/users/tnwei/orgs', 'repos_url': 'https://api.github.com/users/tnwei/repos', 'events_url': 'https://api.github.com/users/tnwei/events{/privacy}', 'received_events_url': 'https://api.github.com/users/tnwei/received_events', 'type': 'User', 'site_admin': False}"
8,1341751131,https://api.github.com/repos/pandas-dev/pandas/issues/48124,https://api.github.com/repos/pandas-dev/pandas,https://api.github.com/repos/pandas-dev/pandas/issues/48124/labels{/name},"{'login': 'AKuederle', 'id': 10776763, 'node_id': 'MDQ6VXNlcjEwNzc2NzYz', 'avatar_url': 'https://avatars.githubusercontent.com/u/10776763?v=4', 'gravatar_id': '', 'url': 'https://api.github.com/users/AKuederle', 'html_url': 'https://github.com/AKuederle', 'followers_url': 'https://api.github.com/users/AKuederle/followers', 'following_url': 'https://api.github.com/users/AKuederle/following{/other_user}', 'gists_url': 'https://api.github.com/users/AKuederle/gists{/gist_id}', 'starred_url': 'https://api.github.com/users/AKuederle/starred{/owner}{/repo}', 'subscriptions_url': 'https://api.github.com/users/AKuederle/subscriptions', 'organizations_url': 'https://api.github.com/users/AKuederle/orgs', 'repos_url': 'https://api.github.com/users/AKuederle/repos', 'events_url': 'https://api.github.com/users/AKuederle/events{/privacy}', 'received_events_url': 'https://api.github.com/users/AKuederle/received_events', 'type': 'User', 'site_admin': False}"
9,1341688992,https://api.github.com/repos/pandas-dev/pandas/issues/48123,https://api.github.com/repos/pandas-dev/pandas,https://api.github.com/repos/pandas-dev/pandas/issues/48123/labels{/name},"{'login': 'JasonMendoza2008', 'id': 56092290, 'node_id': 'MDQ6VXNlcjU2MDkyMjkw', 'avatar_url': 'https://avatars.githubusercontent.com/u/56092290?v=4', 'gravatar_id': '', 'url': 'https://api.github.com/users/JasonMendoza2008', 'html_url': 'https://github.com/JasonMendoza2008', 'followers_url': 'https://api.github.com/users/JasonMendoza2008/followers', 'following_url': 'https://api.github.com/users/JasonMendoza2008/following{/other_user}', 'gists_url': 'https://api.github.com/users/JasonMendoza2008/gists{/gist_id}', 'starred_url': 'https://api.github.com/users/JasonMendoza2008/starred{/owner}{/repo}', 'subscriptions_url': 'https://api.github.com/users/JasonMendoza2008/subscriptions', 'organizations_url': 'https://api.github.com/users/JasonMendoza2008/orgs', 'repos_url': 'https://api.github.com/users/JasonMendoza2008/repos', 'events_url': 'https://api.github.com/users/JasonMendoza2008/events{/privacy}', 'received_events_url': 'https://api.github.com/users/JasonMendoza2008/received_events', 'type': 'User', 'site_admin': False}"
10,1341462090,https://api.github.com/repos/pandas-dev/pandas/issues/48122,https://api.github.com/repos/pandas-dev/pandas,https://api.github.com/repos/pandas-dev/pandas/issues/48122/labels{/name},"{'login': 'eLVas', 'id': 6797156, 'node_id': 'MDQ6VXNlcjY3OTcxNTY=', 'avatar_url': 'https://avatars.githubusercontent.com/u/6797156?v=4', 'gravatar_id': '', 'url': 'https://api.github.com/users/eLVas', 'html_url': 'https://github.com/eLVas', 'followers_url': 'https://api.github.com/users/eLVas/followers', 'following_url': 'https://api.github.com/users/eLVas/following{/other_user}', 'gists_url': 'https://api.github.com/users/eLVas/gists{/gist_id}', 'starred_url': 'https://api.github.com/users/eLVas/starred{/owner}{/repo}', 'subscriptions_url': 'https://api.github.com/users/eLVas/subscriptions', 'organizations_url': 'https://api.github.com/users/eLVas/orgs', 'repos_url': 'https://api.github.com/users/eLVas/repos', 'events_url': 'https://api.github.com/users/eLVas/events{/privacy}', 'received_events_url': 'https://api.github.com/users/eLVas/received_events', 'type': 'User', 'site_admin': False}"
11,1341346520,https://api.github.com/repos/pandas-dev/pandas/issues/48120,https://api.github.com/repos/pandas-dev/pandas,https://api.github.com/repos/pandas-dev/pandas/issues/48120/labels{/name},"{'login': 'agodbug', 'id': 10971788, 'node_id': 'MDQ6VXNlcjEwOTcxNzg4', 'avatar_url': 'https://avatars.githubusercontent.com/u/10971788?v=4', 'gravatar_id': '', 'url': 'https://api.github.com/users/agodbug', 'html_url': 'https://github.com/agodbug', 'followers_url': 'https://api.github.com/users/agodbug/followers', 'following_url': 'https://api.github.com/users/agodbug/following{/other_user}', 'gists_url': 'https://api.github.com/users/agodbug/gists{/gist_id}', 'starred_url': 'https://api.github.com/users/agodbug/starred{/owner}{/repo}', 'subscriptions_url': 'https://api.github.com/users/agodbug/subscriptions', 'organizations_url': 'https://api.github.com/users/agodbug/orgs', 'repos_url': 'https://api.github.com/users/agodbug/repos', 'events_url': 'https://api.github.com/users/agodbug/events{/privacy}', 'received_events_url': 'https://api.github.com/users/agodbug/received_events', 'type': 'User', 'site_admin': False}"
12,1341180862,https://api.github.com/repos/pandas-dev/pandas/issues/48119,https://api.github.com/repos/pandas-dev/pandas,https://api.github.com/repos/pandas-dev/pandas/issues/48119/labels{/name},"{'login': 'datapythonista', 'id': 10058240, 'node_id': 'MDQ6VXNlcjEwMDU4MjQw', 'avatar_url': 'https://avatars.githubusercontent.com/u/10058240?v=4', 'gravatar_id': '', 'url': 'https://api.github.com/users/datapythonista', 'html_url': 'https://github.com/datapythonista', 'followers_url': 'https://api.github.com/users/datapythonista/followers', 'following_url': 'https://api.github.com/users/datapythonista/following{/other_user}', 'gists_url': 'https://api.github.com/users/datapythonista/gists{/gist_id}', 'starred_url': 'https://api.github.com/users/datapythonista/starred{/owner}{/repo}', 'subscriptions_url': 'https://api.github.com/users/datapythonista/subscriptions', 'organizations_url': 'https://api.github.com/users/datapythonista/orgs', 'repos_url': 'https://api.github.com/users/datapythonista/repos', 'events_url': 'https://api.github.com/users/datapythonista/events{/privacy}', 'received_events_url': 'https://api.github.com/users/datapythonista/received_events', 'type': 'User', 'site_admin': False}"
13,1341066495,https://api.github.com/repos/pandas-dev/pandas/issues/48117,https://api.github.com/repos/pandas-dev/pandas,https://api.github.com/repos/pandas-dev/pandas/issues/48117/labels{/name},"{'login': 'jbrockmendel', 'id': 8078968, 'node_id': 'MDQ6VXNlcjgwNzg5Njg=', 'avatar_url': 'https://avatars.githubusercontent.com/u/8078968?v=4', 'gravatar_id': '', 'url': 'https://api.github.com/users/jbrockmendel', 'html_url': 'https://github.com/jbrockmendel', 'followers_url': 'https://api.github.com/users/jbrockmendel/followers', 'following_url': 'https://api.github.com/users/jbrockmendel/following{/other_user}', 'gists_url': 'https://api.github.com/users/jbrockmendel/gists{/gist_id}', 'starred_url': 'https://api.github.com/users/jbrockmendel/starred{/owner}{/repo}', 'subscriptions_url': 'https://api.github.com/users/jbrockmendel/subscriptions', 'organizations_url': 'https://api.github.com/users/jbrockmendel/orgs', 'repos_url': 'https://api.github.com/users/jbrockmendel/repos', 'events_url': 'https://api.github.com/users/jbrockmendel/events{/privacy}', 'received_events_url': 'https://api.github.com/users/jbrockmendel/received_events', 'type': 'User', 'site_admin': False}"
14,1341018973,https://api.github.com/repos/pandas-dev/pandas/issues/48116,https://api.github.com/repos/pandas-dev/pandas,https://api.github.com/repos/pandas-dev/pandas/issues/48116/labels{/name},"{'login': 'mroeschke', 'id': 10647082, 'node_id': 'MDQ6VXNlcjEwNjQ3MDgy', 'avatar_url': 'https://avatars.githubusercontent.com/u/10647082?v=4', 'gravatar_id': '', 'url': 'https://api.github.com/users/mroeschke', 'html_url': 'https://github.com/mroeschke', 'followers_url': 'https://api.github.com/users/mroeschke/followers', 'following_url': 'https://api.github.com/users/mroeschke/following{/other_user}', 'gists_url': 'https://api.github.com/users/mroeschke/gists{/gist_id}', 'starred_url': 'https://api.github.com/users/mroeschke/starred{/owner}{/repo}', 'subscriptions_url': 'https://api.github.com/users/mroeschke/subscriptions', 'organizations_url': 'https://api.github.com/users/mroeschke/orgs', 'repos_url': 'https://api.github.com/users/mroeschke/repos', 'events_url': 'https://api.github.com/users/mroeschke/events{/privacy}', 'received_events_url': 'https://api.github.com/users/mroeschke/received_events', 'type': 'User', 'site_admin': False}"
15,1340748045,https://api.github.com/repos/pandas-dev/pandas/issues/48113,https://api.github.com/repos/pandas-dev/pandas,https://api.github.com/repos/pandas-dev/pandas/issues/48113/labels{/name},"{'login': 'marenwestermann', 'id': 17019042, 'node_id': 'MDQ6VXNlcjE3MDE5MDQy', 'avatar_url': 'https://avatars.githubusercontent.com/u/17019042?v=4', 'gravatar_id': '', 'url': 'https://api.github.com/users/marenwestermann', 'html_url': 'https://github.com/marenwestermann', 'followers_url': 'https://api.github.com/users/marenwestermann/followers', 'following_url': 'https://api.github.com/users/marenwestermann/following{/other_user}', 'gists_url': 'https://api.github.com/users/marenwestermann/gists{/gist_id}', 'starred_url': 'https://api.github.com/users/marenwestermann/starred{/owner}{/repo}', 'subscriptions_url': 'https://api.github.com/users/marenwestermann/subscriptions', 'organizations_url': 'https://api.github.com/users/marenwestermann/orgs', 'repos_url': 'https://api.github.com/users/marenwestermann/repos', 'events_url': 'https://api.github.com/users/marenwestermann/events{/privacy}', 'received_events_url': 'https://api.github.com/users/marenwestermann/received_events', 'type': 'User', 'site_admin': False}"
16,1340533932,https://api.github.com/repos/pandas-dev/pandas/issues/48111,https://api.github.com/repos/pandas-dev/pandas,https://api.github.com/repos/pandas-dev/pandas/issues/48111/labels{/name},"{'login': 'phofl', 'id': 61934744, 'node_id': 'MDQ6VXNlcjYxOTM0NzQ0', 'avatar_url': 'https://avatars.githubusercontent.com/u/61934744?v=4', 'gravatar_id': '', 'url': 'https://api.github.com/users/phofl', 'html_url': 'https://github.com/phofl', 'followers_url': 'https://api.github.com/users/phofl/followers', 'following_url': 'https://api.github.com/users/phofl/following{/other_user}', 'gists_url': 'https://api.github.com/users/phofl/gists{/gist_id}', 'starred_url': 'https://api.github.com/users/phofl/starred{/owner}{/repo}', 'subscriptions_url': 'https://api.github.com/users/phofl/subscriptions', 'organizations_url': 'https://api.github.com/users/phofl/orgs', 'repos_url': 'https://api.github.com/users/phofl/repos', 'events_url': 'https://api.github.com/users/phofl/events{/privacy}', 'received_events_url': 'https://api.github.com/users/phofl/received_events', 'type': 'User', 'site_admin': False}"
17,1340347712,https://api.github.com/repos/pandas-dev/pandas/issues/48110,https://api.github.com/repos/pandas-dev/pandas,https://api.github.com/repos/pandas-dev/pandas/issues/48110/labels{/name},"{'login': 'weikhor', 'id': 36619387, 'node_id': 'MDQ6VXNlcjM2NjE5Mzg3', 'avatar_url': 'https://avatars.githubusercontent.com/u/36619387?v=4', 'gravatar_id': '', 'url': 'https://api.github.com/users/weikhor', 'html_url': 'https://github.com/weikhor', 'followers_url': 'https://api.github.com/users/weikhor/followers', 'following_url': 'https://api.github.com/users/weikhor/following{/other_user}', 'gists_url': 'https://api.github.com/users/weikhor/gists{/gist_id}', 'starred_url': 'https://api.github.com/users/weikhor/starred{/owner}{/repo}', 'subscriptions_url': 'https://api.github.com/users/weikhor/subscriptions', 'organizations_url': 'https://api.github.com/users/weikhor/orgs', 'repos_url': 'https://api.github.com/users/weikhor/repos', 'events_url': 'https://api.github.com/users/weikhor/events{/privacy}', 'received_events_url': 'https://api.github.com/users/weikhor/received_events', 'type': 'User', 'site_admin': False}"
18,1340133116,https://api.github.com/repos/pandas-dev/pandas/issues/48108,https://api.github.com/repos/pandas-dev/pandas,https://api.github.com/repos/pandas-dev/pandas/issues/48108/labels{/name},"{'login': 'noatamir', 'id': 6564007, 'node_id': 'MDQ6VXNlcjY1NjQwMDc=', 'avatar_url': 'https://avatars.githubusercontent.com/u/6564007?v=4', 'gravatar_id': '', 'url': 'https://api.github.com/users/noatamir', 'html_url': 'https://github.com/noatamir', 'followers_url': 'https://api.github.com/users/noatamir/followers', 'following_url': 'https://api.github.com/users/noatamir/following{/other_user}', 'gists_url': 'https://api.github.com/users/noatamir/gists{/gist_id}', 'starred_url': 'https://api.github.com/users/noatamir/starred{/owner}{/repo}', 'subscriptions_url': 'https://api.github.com/users/noatamir/subscriptions', 'organizations_url': 'https://api.github.com/users/noatamir/orgs', 'repos_url': 'https://api.github.com/users/noatamir/repos', 'events_url': 'https://api.github.com/users/noatamir/events{/privacy}', 'received_events_url': 'https://api.github.com/users/noatamir/received_events', 'type': 'User', 'site_admin': False}"
19,1340129076,https://api.github.com/repos/pandas-dev/pandas/issues/48107,https://api.github.com/repos/pandas-dev/pandas,https://api.github.com/repos/pandas-dev/pandas/issues/48107/labels{/name},"{'login': 'noatamir', 'id': 6564007, 'node_id': 'MDQ6VXNlcjY1NjQwMDc=', 'avatar_url': 'https://avatars.githubusercontent.com/u/6564007?v=4', 'gravatar_id': '', 'url': 'https://api.github.com/users/noatamir', 'html_url': 'https://github.com/noatamir', 'followers_url': 'https://api.github.com/users/noatamir/followers', 'following_url': 'https://api.github.com/users/noatamir/following{/other_user}', 'gists_url': 'https://api.github.com/users/noatamir/gists{/gist_id}', 'starred_url': 'https://api.github.com/users/noatamir/starred{/owner}{/repo}', 'subscriptions_url': 'https://api.github.com/users/noatamir/subscriptions', 'organizations_url': 'https://api.github.com/users/noatamir/orgs', 'repos_url': 'https://api.github.com/users/noatamir/repos', 'events_url': 'https://api.github.com/users/noatamir/events{/privacy}', 'received_events_url': 'https://api.github.com/users/noatamir/received_events', 'type': 'User', 'site_admin': False}"
20,1339864852,https://api.github.com/repos/pandas-dev/pandas/issues/48103,https://api.github.com/repos/pandas-dev/pandas,https://api.github.com/repos/pandas-dev/pandas/issues/48103/labels{/name},"{'login': 'auderson', 'id': 48577571, 'node_id': 'MDQ6VXNlcjQ4NTc3NTcx', 'avatar_url': 'https://avatars.githubusercontent.com/u/48577571?v=4', 'gravatar_id': '', 'url': 'https://api.github.com/users/auderson', 'html_url': 'https://github.com/auderson', 'followers_url': 'https://api.github.com/users/auderson/followers', 'following_url': 'https://api.github.com/users/auderson/following{/other_user}', 'gists_url': 'https://api.github.com/users/auderson/gists{/gist_id}', 'starred_url': 'https://api.github.com/users/auderson/starred{/owner}{/repo}', 'subscriptions_url': 'https://api.github.com/users/auderson/subscriptions', 'organizations_url': 'https://api.github.com/users/auderson/orgs', 'repos_url': 'https://api.github.com/users/auderson/repos', 'events_url': 'https://api.github.com/users/auderson/events{/privacy}', 'received_events_url': 'https://api.github.com/users/auderson/received_events', 'type': 'User', 'site_admin': False}"
21,1339619770,https://api.github.com/repos/pandas-dev/pandas/issues/48101,https://api.github.com/repos/pandas-dev/pandas,https://api.github.com/repos/pandas-dev/pandas/issues/48101/labels{/name},"{'login': 'MRyderOC', 'id': 63479762, 'node_id': 'MDQ6VXNlcjYzNDc5NzYy', 'avatar_url': 'https://avatars.githubusercontent.com/u/63479762?v=4', 'gravatar_id': '', 'url': 'https://api.github.com/users/MRyderOC', 'html_url': 'https://github.com/MRyderOC', 'followers_url': 'https://api.github.com/users/MRyderOC/followers', 'following_url': 'https://api.github.com/users/MRyderOC/following{/other_user}', 'gists_url': 'https://api.github.com/users/MRyderOC/gists{/gist_id}', 'starred_url': 'https://api.github.com/users/MRyderOC/starred{/owner}{/repo}', 'subscriptions_url': 'https://api.github.com/users/MRyderOC/subscriptions', 'organizations_url': 'https://api.github.com/users/MRyderOC/orgs', 'repos_url': 'https://api.github.com/users/MRyderOC/repos', 'events_url': 'https://api.github.com/users/MRyderOC/events{/privacy}', 'received_events_url': 'https://api.github.com/users/MRyderOC/received_events', 'type': 'User', 'site_admin': False}"
22,1339609315,https://api.github.com/repos/pandas-dev/pandas/issues/48100,https://api.github.com/repos/pandas-dev/pandas,https://api.github.com/repos/pandas-dev/pandas/issues/48100/labels{/name},"{'login': 'INDIG0N', 'id': 66040891, 'node_id': 'MDQ6VXNlcjY2MDQwODkx', 'avatar_url': 'https://avatars.githubusercontent.com/u/66040891?v=4', 'gravatar_id': '', 'url': 'https://api.github.com/users/INDIG0N', 'html_url': 'https://github.com/INDIG0N', 'followers_url': 'https://api.github.com/users/INDIG0N/followers', 'following_url': 'https://api.github.com/users/INDIG0N/following{/other_user}', 'gists_url': 'https://api.github.com/users/INDIG0N/gists{/gist_id}', 'starred_url': 'https://api.github.com/users/INDIG0N/starred{/owner}{/repo}', 'subscriptions_url': 'https://api.github.com/users/INDIG0N/subscriptions', 'organizations_url': 'https://api.github.com/users/INDIG0N/orgs', 'repos_url': 'https://api.github.com/users/INDIG0N/repos', 'events_url': 'https://api.github.com/users/INDIG0N/events{/privacy}', 'received_events_url': 'https://api.github.com/users/INDIG0N/received_events', 'type': 'User', 'site_admin': False}"
23,1339382213,https://api.github.com/repos/pandas-dev/pandas/issues/48093,https://api.github.com/repos/pandas-dev/pandas,https://api.github.com/repos/pandas-dev/pandas/issues/48093/labels{/name},"{'login': 'mroeschke', 'id': 10647082, 'node_id': 'MDQ6VXNlcjEwNjQ3MDgy', 'avatar_url': 'https://avatars.githubusercontent.com/u/10647082?v=4', 'gravatar_id': '', 'url': 'https://api.github.com/users/mroeschke', 'html_url': 'https://github.com/mroeschke', 'followers_url': 'https://api.github.com/users/mroeschke/followers', 'following_url': 'https://api.github.com/users/mroeschke/following{/other_user}', 'gists_url': 'https://api.github.com/users/mroeschke/gists{/gist_id}', 'starred_url': 'https://api.github.com/users/mroeschke/starred{/owner}{/repo}', 'subscriptions_url': 'https://api.github.com/users/mroeschke/subscriptions', 'organizations_url': 'https://api.github.com/users/mroeschke/orgs', 'repos_url': 'https://api.github.com/users/mroeschke/repos', 'events_url': 'https://api.github.com/users/mroeschke/events{/privacy}', 'received_events_url': 'https://api.github.com/users/mroeschke/received_events', 'type': 'User', 'site_admin': False}"
24,1339289746,https://api.github.com/repos/pandas-dev/pandas/issues/48091,https://api.github.com/repos/pandas-dev/pandas,https://api.github.com/repos/pandas-dev/pandas/issues/48091/labels{/name},"{'login': 'cloud-rocket', 'id': 2440892, 'node_id': 'MDQ6VXNlcjI0NDA4OTI=', 'avatar_url': 'https://avatars.githubusercontent.com/u/2440892?v=4', 'gravatar_id': '', 'url': 'https://api.github.com/users/cloud-rocket', 'html_url': 'https://github.com/cloud-rocket', 'followers_url': 'https://api.github.com/users/cloud-rocket/followers', 'following_url': 'https://api.github.com/users/cloud-rocket/following{/other_user}', 'gists_url': 'https://api.github.com/users/cloud-rocket/gists{/gist_id}', 'starred_url': 'https://api.github.com/users/cloud-rocket/starred{/owner}{/repo}', 'subscriptions_url': 'https://api.github.com/users/cloud-rocket/subscriptions', 'organizations_url': 'https://api.github.com/users/cloud-rocket/orgs', 'repos_url': 'https://api.github.com/users/cloud-rocket/repos', 'events_url': 'https://api.github.com/users/cloud-rocket/events{/privacy}', 'received_events_url': 'https://api.github.com/users/cloud-rocket/received_events', 'type': 'User', 'site_admin': False}"
25,1339279171,https://api.github.com/repos/pandas-dev/pandas/issues/48090,https://api.github.com/repos/pandas-dev/pandas,https://api.github.com/repos/pandas-dev/pandas/issues/48090/labels{/name},"{'login': 'villebro', 'id': 33317356, 'node_id': 'MDQ6VXNlcjMzMzE3MzU2', 'avatar_url': 'https://avatars.githubusercontent.com/u/33317356?v=4', 'gravatar_id': '', 'url': 'https://api.github.com/users/villebro', 'html_url': 'https://github.com/villebro', 'followers_url': 'https://api.github.com/users/villebro/followers', 'following_url': 'https://api.github.com/users/villebro/following{/other_user}', 'gists_url': 'https://api.github.com/users/villebro/gists{/gist_id}', 'starred_url': 'https://api.github.com/users/villebro/starred{/owner}{/repo}', 'subscriptions_url': 'https://api.github.com/users/villebro/subscriptions', 'organizations_url': 'https://api.github.com/users/villebro/orgs', 'repos_url': 'https://api.github.com/users/villebro/repos', 'events_url': 'https://api.github.com/users/villebro/events{/privacy}', 'received_events_url': 'https://api.github.com/users/villebro/received_events', 'type': 'User', 'site_admin': False}"
26,1339225246,https://api.github.com/repos/pandas-dev/pandas/issues/48088,https://api.github.com/repos/pandas-dev/pandas,https://api.github.com/repos/pandas-dev/pandas/issues/48088/labels{/name},"{'login': 'dataxerik', 'id': 15721311, 'node_id': 'MDQ6VXNlcjE1NzIxMzEx', 'avatar_url': 'https://avatars.githubusercontent.com/u/15721311?v=4', 'gravatar_id': '', 'url': 'https://api.github.com/users/dataxerik', 'html_url': 'https://github.com/dataxerik', 'followers_url': 'https://api.github.com/users/dataxerik/followers', 'following_url': 'https://api.github.com/users/dataxerik/following{/other_user}', 'gists_url': 'https://api.github.com/users/dataxerik/gists{/gist_id}', 'starred_url': 'https://api.github.com/users/dataxerik/starred{/owner}{/repo}', 'subscriptions_url': 'https://api.github.com/users/dataxerik/subscriptions', 'organizations_url': 'https://api.github.com/users/dataxerik/orgs', 'repos_url': 'https://api.github.com/users/dataxerik/repos', 'events_url': 'https://api.github.com/users/dataxerik/events{/privacy}', 'received_events_url': 'https://api.github.com/users/dataxerik/received_events', 'type': 'User', 'site_admin': False}"
27,1338939436,https://api.github.com/repos/pandas-dev/pandas/issues/48086,https://api.github.com/repos/pandas-dev/pandas,https://api.github.com/repos/pandas-dev/pandas/issues/48086/labels{/name},"{'login': 'robna', 'id': 26489593, 'node_id': 'MDQ6VXNlcjI2NDg5NTkz', 'avatar_url': 'https://avatars.githubusercontent.com/u/26489593?v=4', 'gravatar_id': '', 'url': 'https://api.github.com/users/robna', 'html_url': 'https://github.com/robna', 'followers_url': 'https://api.github.com/users/robna/followers', 'following_url': 'https://api.github.com/users/robna/following{/other_user}', 'gists_url': 'https://api.github.com/users/robna/gists{/gist_id}', 'starred_url': 'https://api.github.com/users/robna/starred{/owner}{/repo}', 'subscriptions_url': 'https://api.github.com/users/robna/subscriptions', 'organizations_url': 'https://api.github.com/users/robna/orgs', 'repos_url': 'https://api.github.com/users/robna/repos', 'events_url': 'https://api.github.com/users/robna/events{/privacy}', 'received_events_url': 'https://api.github.com/users/robna/received_events', 'type': 'User', 'site_admin': False}"
28,1338930777,https://api.github.com/repos/pandas-dev/pandas/issues/48085,https://api.github.com/repos/pandas-dev/pandas,https://api.github.com/repos/pandas-dev/pandas/issues/48085/labels{/name},"{'login': 'dannyi96', 'id': 15380498, 'node_id': 'MDQ6VXNlcjE1MzgwNDk4', 'avatar_url': 'https://avatars.githubusercontent.com/u/15380498?v=4', 'gravatar_id': '', 'url': 'https://api.github.com/users/dannyi96', 'html_url': 'https://github.com/dannyi96', 'followers_url': 'https://api.github.com/users/dannyi96/followers', 'following_url': 'https://api.github.com/users/dannyi96/following{/other_user}', 'gists_url': 'https://api.github.com/users/dannyi96/gists{/gist_id}', 'starred_url': 'https://api.github.com/users/dannyi96/starred{/owner}{/repo}', 'subscriptions_url': 'https://api.github.com/users/dannyi96/subscriptions', 'organizations_url': 'https://api.github.com/users/dannyi96/orgs', 'repos_url': 'https://api.github.com/users/dannyi96/repos', 'events_url': 'https://api.github.com/users/dannyi96/events{/privacy}', 'received_events_url': 'https://api.github.com/users/dannyi96/received_events', 'type': 'User', 'site_admin': False}"
29,1338925716,https://api.github.com/repos/pandas-dev/pandas/issues/48084,https://api.github.com/repos/pandas-dev/pandas,https://api.github.com/repos/pandas-dev/pandas/issues/48084/labels{/name},"{'login': 'prhbrt', 'id': 7011110, 'node_id': 'MDQ6VXNlcjcwMTExMTA=', 'avatar_url': 'https://avatars.githubusercontent.com/u/7011110?v=4', 'gravatar_id': '', 'url': 'https://api.github.com/users/prhbrt', 'html_url': 'https://github.com/prhbrt', 'followers_url': 'https://api.github.com/users/prhbrt/followers', 'following_url': 'https://api.github.com/users/prhbrt/following{/other_user}', 'gists_url': 'https://api.github.com/users/prhbrt/gists{/gist_id}', 'starred_url': 'https://api.github.com/users/prhbrt/starred{/owner}{/repo}', 'subscriptions_url': 'https://api.github.com/users/prhbrt/subscriptions', 'organizations_url': 'https://api.github.com/users/prhbrt/orgs', 'repos_url': 'https://api.github.com/users/prhbrt/repos', 'events_url': 'https://api.github.com/users/prhbrt/events{/privacy}', 'received_events_url': 'https://api.github.com/users/prhbrt/received_events', 'type': 'User', 'site_admin': False}"
